ssn,age,education,marital-status,relationship,sex,income
723-72-3723,31.0,HS-grad,Never-married,Not-in-family,,
940-94-0940,31.0,,Never-married,Not-in-family,,>50K
545-54-5545,33.0,11th,Never-married,Not-in-family,Male,
013-01-3013,,HS-grad,Never-married,Not-in-family,,<=50K
039-03-9039,62.0,HS-grad,Married-civ-spouse,Husband,Male,>50K
157-15-7157,23.0,Masters,Never-married,Own-child,Male,<=50K
083-08-3083,44.0,Assoc-acdm,Married-civ-spouse,Husband,,
768-76-8768,31.0,HS-grad,,,Female,<=50K
222-22-2222,,,,Husband,,
725-72-5725,44.0,,Married-civ-spouse,Husband,,>50K
111-11-1111,41.0,Some-college,,Not-in-family,Male,<=50K
460-46-0460,23.0,Some-college,Never-married,,Female,<=50K
996-99-6996,28.0,Assoc-voc,Never-married,Not-in-family,,
660-66-0660,55.0,,,Husband,Male,>50K
585-58-5585,,Masters,Divorced,Unmarried,Female,<=50K
733-73-3733,44.0,,Divorced,Not-in-family,Female,
283-28-3283,34.0,Bachelors,Divorced,Own-child,,<=50K
427-42-7427,23.0,Assoc-voc,,,Female,>50K
478-47-8478,43.0,Bachelors,Widowed,,Male,
869-86-9869,50.0,HS-grad,,Husband,,<=50K
286-28-6286,50.0,HS-grad,,,,<=50K
773-77-3773,35.0,Bachelors,,Unmarried,Female,
238-23-8238,39.0,Bachelors,Married-civ-spouse,Husband,,<=50K
657-65-7657,51.0,,Widowed,Unmarried,,<=50K
631-63-1631,49.0,HS-grad,Married-civ-spouse,Husband,,>50K
959-95-9959,,,Never-married,Own-child,Male,<=50K
548-54-8548,39.0,11th,Married-civ-spouse,Husband,Male,>50K
710-71-0710,30.0,Bachelors,,Husband,Male,<=50K
626-62-6626,22.0,HS-grad,Never-married,,,<=50K
535-53-5535,47.0,Doctorate,Married-civ-spouse,Husband,,>50K
615-61-5615,33.0,,Married-civ-spouse,Husband,Male,>50K
814-81-4814,74.0,Some-college,Widowed,,,
892-89-2892,35.0,HS-grad,Married-civ-spouse,Husband,Male,
577-57-7577,21.0,HS-grad,Never-married,Own-child,Male,<=50K
482-48-2482,55.0,Some-college,Divorced,Unmarried,Female,<=50K
693-69-3693,42.0,Some-college,Never-married,,,<=50K
447-44-7447,22.0,,Never-married,Own-child,Male,<=50K
291-29-1291,24.0,Bachelors,Never-married,,Female,
325-32-5325,,HS-grad,,,Male,
091-09-1091,19.0,9th,Never-married,Own-child,Female,
547-54-7547,39.0,,Married-civ-spouse,Husband,,<=50K
896-89-6896,42.0,,Married-civ-spouse,Husband,Male,
888-88-8888,26.0,,Never-married,Not-in-family,Male,
070-07-0070,38.0,Assoc-acdm,Divorced,Not-in-family,Female,<=50K
058-05-8058,27.0,Bachelors,Never-married,Not-in-family,,<=50K
278-27-8278,17.0,,Never-married,Own-child,Female,
506-50-6506,37.0,HS-grad,Married-civ-spouse,Husband,,<=50K
367-36-7367,35.0,,Married-civ-spouse,,,
247-24-7247,43.0,Bachelors,Married-civ-spouse,,Male,
562-56-2562,29.0,Bachelors,Married-civ-spouse,Husband,Male,
680-68-0680,24.0,Bachelors,Never-married,Own-child,Female,
842-84-2842,36.0,,Married-civ-spouse,,Male,<=50K
031-03-1031,23.0,Some-college,,Own-child,Male,
705-70-5705,29.0,HS-grad,Divorced,,Female,<=50K
927-92-7927,35.0,,Married-civ-spouse,,Male,
948-94-8948,27.0,10th,Married-civ-spouse,Husband,Male,
537-53-7537,22.0,,Never-married,,Female,<=50K
713-71-3713,25.0,Some-college,Married-civ-spouse,Husband,Male,
696-69-6696,73.0,Some-college,Married-civ-spouse,,,
440-44-0440,30.0,,Married-civ-spouse,,,<=50K
712-71-2712,39.0,,Married-civ-spouse,Husband,Male,
599-59-9599,43.0,,Married-civ-spouse,Husband,Male,>50K
473-47-3473,26.0,HS-grad,Never-married,Own-child,Female,
516-51-6516,56.0,10th,Married-civ-spouse,Husband,,<=50K
385-38-5385,45.0,Some-college,Married-civ-spouse,Husband,,
274-27-4274,,Some-college,Married-civ-spouse,Husband,Male,
846-84-6846,24.0,Some-college,,,,<=50K
881-88-1881,41.0,Assoc-voc,Divorced,Unmarried,Female,<=50K
584-58-4584,,Doctorate,,Wife,,
952-95-2952,53.0,,Divorced,Not-in-family,Male,
033-03-3033,19.0,11th,,Own-child,Female,
014-01-4014,34.0,Assoc-voc,Married-spouse-absent,Unmarried,,<=50K
650-65-0650,37.0,,,,Male,<=50K
322-32-2322,26.0,HS-grad,Never-married,Unmarried,,
204-20-4204,48.0,HS-grad,Separated,,Female,
126-12-6126,34.0,Bachelors,Divorced,Not-in-family,Male,>50K
849-84-9849,36.0,HS-grad,Married-civ-spouse,,Male,<=50K
235-23-5235,25.0,Bachelors,Married-civ-spouse,Husband,,<=50K
067-06-7067,32.0,Some-college,Married-civ-spouse,Husband,Male,<=50K
345-34-5345,41.0,Some-college,Married-civ-spouse,Husband,,<=50K
666-66-6666,41.0,Prof-school,Married-civ-spouse,,Male,>50K
346-34-6346,,,Married-civ-spouse,Wife,,
077-07-7077,41.0,HS-grad,Divorced,,Male,<=50K
279-27-9279,21.0,,Never-married,,,
166-16-6166,27.0,,Never-married,Not-in-family,Female,
966-96-6966,49.0,9th,Married-civ-spouse,Husband,,<=50K
687-68-7687,42.0,,Never-married,,,<=50K
889-88-9889,46.0,HS-grad,Divorced,Unmarried,,
483-48-3483,24.0,Some-college,Never-married,Own-child,,
503-50-3503,39.0,,,Husband,,<=50K
417-41-7417,37.0,HS-grad,Married-civ-spouse,,Male,
690-69-0690,18.0,11th,Never-married,,Male,<=50K
151-15-1151,67.0,Bachelors,Married-civ-spouse,Husband,,>50K
943-94-3943,44.0,HS-grad,Never-married,Own-child,Female,
315-31-5315,42.0,HS-grad,Married-civ-spouse,Husband,,<=50K
608-60-8608,38.0,HS-grad,Married-civ-spouse,Husband,Male,<=50K
415-41-5415,24.0,,Never-married,Unmarried,Male,<=50K
597-59-7597,,9th,Divorced,Not-in-family,,<=50K
480-48-0480,19.0,,,Own-child,,>50K
154-15-4154,64.0,HS-grad,Divorced,Not-in-family,,<=50K
534-53-4534,19.0,11th,Never-married,,Male,<=50K
877-87-7877,62.0,HS-grad,Married-civ-spouse,Other-relative,,<=50K
964-96-4964,52.0,Some-college,Separated,Not-in-family,Male,<=50K
983-98-3983,86.0,5th-6th,,Husband,Male,
094-09-4094,31.0,Masters,Married-civ-spouse,Husband,Male,
451-45-1451,31.0,,Never-married,,,<=50K
864-86-4864,21.0,,Never-married,Not-in-family,,<=50K
669-66-9669,,,Never-married,Own-child,Male,<=50K
954-95-4954,63.0,10th,Married-civ-spouse,Husband,,<=50K
497-49-7497,22.0,,,,Male,
558-55-8558,41.0,,Married-civ-spouse,Husband,,<=50K
823-82-3823,35.0,HS-grad,,Husband,Male,
638-63-8638,29.0,10th,Never-married,Own-child,,
681-68-1681,49.0,HS-grad,Married-civ-spouse,Husband,Male,>50K
113-11-3113,61.0,9th,,Husband,Male,<=50K
056-05-6056,,Some-college,Married-civ-spouse,Husband,,
790-79-0790,18.0,Some-college,,Not-in-family,Male,
972-97-2972,24.0,Bachelors,Never-married,,Male,
809-80-9809,,Bachelors,,Not-in-family,,<=50K
682-68-2682,26.0,Bachelors,Never-married,Not-in-family,Female,<=50K
635-63-5635,31.0,HS-grad,Never-married,,,<=50K
249-24-9249,21.0,,Never-married,,Male,<=50K
514-51-4514,50.0,,,Husband,,
104-10-4104,74.0,11th,Never-married,Not-in-family,Male,
968-96-8968,39.0,,Married-civ-spouse,Wife,,
955-95-5955,23.0,HS-grad,Never-married,Own-child,Female,<=50K
854-85-4854,35.0,Some-college,Divorced,Own-child,,
686-68-6686,19.0,HS-grad,Married-civ-spouse,Husband,Male,<=50K
292-29-2292,,Bachelors,Never-married,Unmarried,Female,<=50K
500-50-0500,34.0,Bachelors,Married-civ-spouse,Husband,Male,
572-57-2572,32.0,Bachelors,Never-married,Unmarried,Male,<=50K
532-53-2532,59.0,Bachelors,Married-civ-spouse,Husband,Male,
418-41-8418,59.0,5th-6th,Married-civ-spouse,Husband,,
004-00-4004,34.0,,Married-civ-spouse,,Male,>50K
536-53-6536,,HS-grad,Never-married,,,<=50K
587-58-7587,37.0,,Never-married,,,<=50K
173-17-3173,26.0,,Never-married,Not-in-family,Male,
861-86-1861,35.0,,Never-married,Own-child,Female,<=50K
366-36-6366,17.0,HS-grad,Never-married,Own-child,,<=50K
527-52-7527,57.0,HS-grad,Married-civ-spouse,,Male,
264-26-4264,35.0,Prof-school,,Own-child,,<=50K
900-90-0900,58.0,,Married-civ-spouse,Husband,Male,
198-19-8198,36.0,Assoc-voc,Married-civ-spouse,,Male,
557-55-7557,18.0,,,,,
748-74-8748,45.0,Bachelors,,Unmarried,,<=50K
135-13-5135,31.0,Bachelors,Never-married,Not-in-family,Male,<=50K
133-13-3133,43.0,Masters,Divorced,Not-in-family,Male,>50K
495-49-5495,30.0,,,Own-child,Male,
956-95-6956,,Bachelors,Never-married,Not-in-family,,<=50K
256-25-6256,47.0,11th,,,Male,
935-93-5935,43.0,Bachelors,Married-civ-spouse,Husband,Male,<=50K
830-83-0830,65.0,HS-grad,,,Male,
377-37-7377,,,Married-civ-spouse,Husband,Male,
336-33-6336,27.0,1st-4th,Never-married,Own-child,,<=50K
082-08-2082,29.0,Some-college,Married-civ-spouse,Wife,,
826-82-6826,32.0,HS-grad,,,Female,>50K
476-47-6476,19.0,HS-grad,,Own-child,Female,>50K
402-40-2402,39.0,Some-college,Never-married,Not-in-family,Male,
048-04-8048,39.0,HS-grad,Married-civ-spouse,Husband,,>50K
071-07-1071,35.0,,Divorced,Other-relative,Male,<=50K
443-44-3443,18.0,HS-grad,Never-married,,,<=50K
859-85-9859,48.0,Some-college,Married-civ-spouse,Husband,,<=50K
463-46-3463,23.0,,Never-married,Own-child,Male,<=50K
698-69-8698,68.0,Some-college,,Not-in-family,,
799-79-9799,42.0,,,Husband,Male,<=50K
917-91-7917,25.0,Bachelors,,Own-child,,
549-54-9549,49.0,,Divorced,Unmarried,,<=50K
817-81-7817,31.0,HS-grad,Married-civ-spouse,,Male,
046-04-6046,28.0,Bachelors,Never-married,Other-relative,Female,
069-06-9069,30.0,HS-grad,Married-civ-spouse,Husband,Male,<=50K
409-40-9409,38.0,,Never-married,,,<=50K
879-87-9879,44.0,,Divorced,Not-in-family,,<=50K
426-42-6426,40.0,HS-grad,Married-civ-spouse,Husband,,>50K
533-53-3533,56.0,10th,Divorced,Unmarried,Female,<=50K
125-12-5125,66.0,,,,Male,<=50K
246-24-6246,54.0,Some-college,Married-civ-spouse,Husband,Male,
646-64-6646,33.0,Masters,Married-civ-spouse,Husband,Male,<=50K
525-52-5525,22.0,Some-college,,,Female,
485-48-5485,,7th-8th,Never-married,,,
539-53-9539,30.0,HS-grad,Divorced,Unmarried,Female,
358-35-8358,44.0,,Married-civ-spouse,,Male,>50K
150-15-0150,,Some-college,Never-married,,Male,<=50K
909-90-9909,33.0,HS-grad,Never-married,,Female,
958-95-8958,29.0,Assoc-voc,Married-civ-spouse,,,>50K
922-92-2922,46.0,Assoc-acdm,,Not-in-family,,<=50K
296-29-6296,18.0,,Never-married,Own-child,Female,<=50K
727-72-7727,30.0,Some-college,Never-married,Not-in-family,,<=50K
017-01-7017,17.0,,Never-married,,Male,<=50K
499-49-9499,45.0,HS-grad,Never-married,Not-in-family,Male,
858-85-8858,,Bachelors,Married-civ-spouse,Husband,Male,
092-09-2092,51.0,10th,Married-civ-spouse,Husband,Male,
665-66-5665,35.0,HS-grad,Married-civ-spouse,Husband,Male,
633-63-3633,58.0,Some-college,Married-civ-spouse,Husband,Male,<=50K
903-90-3903,43.0,Bachelors,,Husband,,
740-74-0740,46.0,Some-college,Separated,Not-in-family,Male,>50K
555-55-5555,,HS-grad,Never-married,Other-relative,,<=50K
737-73-7737,40.0,9th,Married-civ-spouse,,Male,
352-35-2352,47.0,Masters,Married-civ-spouse,Wife,,
554-55-4554,37.0,,Divorced,Not-in-family,,
827-82-7827,31.0,Bachelors,Married-civ-spouse,Husband,Male,>50K
765-76-5765,,,Married-civ-spouse,Husband,Male,
551-55-1551,30.0,,Never-married,,Female,<=50K
124-12-4124,74.0,10th,Married-civ-spouse,,,>50K
685-68-5685,27.0,Some-college,Married-civ-spouse,Husband,Male,
072-07-2072,51.0,HS-grad,Divorced,Unmarried,,<=50K
342-34-2342,40.0,Masters,Divorced,Unmarried,Female,
894-89-4894,23.0,,Never-married,,Male,<=50K
701-70-1701,43.0,Bachelors,Married-civ-spouse,Wife,,<=50K
947-94-7947,,Some-college,Never-married,Own-child,,
910-91-0910,29.0,Some-college,,,,>50K
197-19-7197,40.0,,,Wife,,<=50K
841-84-1841,40.0,,Married-civ-spouse,,Male,
431-43-1431,19.0,Some-college,Never-married,Own-child,Female,<=50K
754-75-4754,,Assoc-voc,Married-civ-spouse,Husband,,
624-62-4624,59.0,Some-college,Divorced,,Female,
673-67-3673,46.0,HS-grad,Separated,Not-in-family,Male,<=50K
550-55-0550,37.0,Some-college,Married-civ-spouse,Husband,,<=50K
751-75-1751,55.0,Masters,Married-civ-spouse,Husband,,>50K
470-47-0470,22.0,,Never-married,Not-in-family,Male,
331-33-1331,82.0,,,,Male,<=50K
520-52-0520,22.0,Bachelors,Never-married,Own-child,Female,<=50K
699-69-9699,41.0,HS-grad,,,Female,<=50K
311-31-1311,17.0,11th,Married-civ-spouse,Husband,Male,
161-16-1161,33.0,Some-college,,Own-child,,<=50K
820-82-0820,43.0,,Married-civ-spouse,Wife,,<=50K
801-80-1801,43.0,,,Husband,,
195-19-5195,44.0,,Never-married,Own-child,,
321-32-1321,37.0,Some-college,Married-civ-spouse,Husband,,>50K
162-16-2162,19.0,,,Not-in-family,Male,>50K
467-46-7467,23.0,10th,Never-married,Other-relative,,<=50K
636-63-6636,53.0,Assoc-voc,Married-civ-spouse,,,
061-06-1061,44.0,HS-grad,Married-civ-spouse,,Male,
807-80-7807,29.0,Masters,Never-married,Not-in-family,,
963-96-3963,48.0,HS-grad,Divorced,,,<=50K
374-37-4374,31.0,,Married-civ-spouse,,,<=50K
129-12-9129,53.0,11th,Married-civ-spouse,,Male,
571-57-1571,56.0,,Married-civ-spouse,Husband,,>50K
211-21-1211,43.0,Some-college,Married-civ-spouse,Husband,Male,
579-57-9579,32.0,HS-grad,Married-civ-spouse,Husband,Male,
899-89-9899,23.0,,Never-married,Not-in-family,,<=50K
453-45-3453,32.0,Some-college,,Not-in-family,,
573-57-3573,42.0,Some-college,Married-civ-spouse,Husband,Male,>50K
989-98-9989,21.0,HS-grad,Never-married,Other-relative,Male,
543-54-3543,40.0,HS-grad,Married-civ-spouse,Husband,,>50K
588-58-8588,23.0,Some-college,Never-married,Own-child,Male,<=50K
269-26-9269,47.0,Bachelors,Married-civ-spouse,Husband,,
340-34-0340,18.0,HS-grad,Never-married,Own-child,Male,<=50K
620-62-0620,52.0,Assoc-acdm,Married-civ-spouse,Husband,Male,
219-21-9219,61.0,11th,Married-civ-spouse,Husband,,>50K
170-17-0170,31.0,Bachelors,Never-married,Unmarried,,<=50K
578-57-8578,44.0,,Married-civ-spouse,Husband,,<=50K
213-21-3213,28.0,Assoc-voc,,Other-relative,,<=50K
486-48-6486,58.0,Assoc-acdm,Widowed,Unmarried,Female,<=50K
155-15-5155,30.0,,Separated,Not-in-family,Female,
076-07-6076,53.0,Assoc-voc,,Husband,,<=50K
273-27-3273,33.0,,Divorced,,Female,<=50K
816-81-6816,28.0,,Never-married,Not-in-family,,<=50K
349-34-9349,21.0,,Never-married,Not-in-family,Male,<=50K
528-52-8528,46.0,,,,,<=50K
375-37-5375,66.0,Assoc-acdm,Married-civ-spouse,,,<=50K
813-81-3813,28.0,HS-grad,Married-civ-spouse,,Male,<=50K
015-01-5015,44.0,,Divorced,Unmarried,,<=50K
208-20-8208,44.0,5th-6th,Divorced,Not-in-family,Male,<=50K
925-92-5925,20.0,,,,Female,<=50K
704-70-4704,27.0,Assoc-voc,Never-married,Not-in-family,,<=50K
706-70-6706,,,,Not-in-family,Male,>50K
884-88-4884,54.0,Bachelors,Married-civ-spouse,,,<=50K
779-77-9779,30.0,,Never-married,Not-in-family,Female,<=50K
172-17-2172,34.0,HS-grad,Divorced,,,<=50K
369-36-9369,,Some-college,Never-married,Not-in-family,Male,
717-71-7717,33.0,,,Own-child,,>50K
593-59-3593,46.0,Prof-school,,Not-in-family,Male,<=50K
110-11-0110,40.0,Masters,Married-civ-spouse,Husband,,
670-67-0670,21.0,HS-grad,,,,<=50K
746-74-6746,32.0,Bachelors,Married-civ-spouse,Husband,Male,
513-51-3513,45.0,Masters,,Husband,,<=50K
975-97-5975,52.0,HS-grad,,Unmarried,,
616-61-6616,20.0,Some-college,,,Male,<=50K
762-76-2762,35.0,9th,Never-married,Unmarried,,
488-48-8488,31.0,HS-grad,,Husband,Male,<=50K
390-39-0390,57.0,,Married-civ-spouse,Husband,,<=50K
689-68-9689,56.0,HS-grad,,Husband,,
134-13-4134,34.0,Some-college,Never-married,Own-child,Male,<=50K
832-83-2832,67.0,Masters,Divorced,Not-in-family,,
054-05-4054,52.0,Bachelors,Married-civ-spouse,,,
511-51-1511,57.0,HS-grad,Married-civ-spouse,Husband,Male,>50K
738-73-8738,38.0,,,Unmarried,,
019-01-9019,26.0,HS-grad,Never-married,Unmarried,Female,
457-45-7457,34.0,HS-grad,Never-married,Unmarried,Female,
045-04-5045,,Some-college,Never-married,,,
589-58-9589,69.0,Some-college,Married-civ-spouse,,Male,<=50K
250-25-0250,41.0,,Married-civ-spouse,Husband,Male,>50K
484-48-4484,,5th-6th,,,Female,
882-88-2882,28.0,Some-college,Married-civ-spouse,,,<=50K
316-31-6316,29.0,HS-grad,Never-married,Unmarried,,<=50K
487-48-7487,36.0,11th,Married-civ-spouse,,Female,>50K
410-41-0410,31.0,Bachelors,Divorced,Own-child,Female,<=50K
580-58-0580,27.0,HS-grad,,Not-in-family,Male,
429-42-9429,18.0,,,Own-child,Male,<=50K
697-69-7697,41.0,,,Husband,Male,<=50K
131-13-1131,35.0,HS-grad,,Not-in-family,Female,
196-19-6196,61.0,HS-grad,Widowed,Unmarried,,
265-26-5265,46.0,Doctorate,Married-civ-spouse,Husband,Male,<=50K
724-72-4724,36.0,Bachelors,Divorced,Not-in-family,Male,
969-96-9969,51.0,,Married-civ-spouse,Husband,Male,
757-75-7757,34.0,HS-grad,Married-civ-spouse,Husband,Male,
118-11-8118,25.0,HS-grad,Married-civ-spouse,Husband,,<=50K
288-28-8288,73.0,,Divorced,,Female,
018-01-8018,32.0,Assoc-voc,Never-married,,,<=50K
290-29-0290,35.0,Bachelors,Divorced,,Female,
721-72-1721,61.0,,Widowed,Unmarried,Female,
466-46-6466,37.0,Some-college,Married-civ-spouse,Husband,Male,<=50K
354-35-4354,50.0,,Divorced,Unmarried,Female,
628-62-8628,44.0,Doctorate,Divorced,Not-in-family,,
064-06-4064,29.0,,Never-married,,,<=50K
824-82-4824,51.0,,Married-civ-spouse,,,
674-67-4674,47.0,HS-grad,Married-civ-spouse,Husband,Male,>50K
930-93-0930,20.0,Some-college,Never-married,Own-child,Male,<=50K
871-87-1871,,HS-grad,,Husband,Male,
295-29-5295,,,Never-married,Own-child,Male,
492-49-2492,22.0,HS-grad,Married-civ-spouse,,Male,
471-47-1471,57.0,,Married-civ-spouse,,,<=50K
382-38-2382,39.0,Some-college,Divorced,Not-in-family,,<=50K
191-19-1191,66.0,HS-grad,Married-civ-spouse,,Male,>50K
844-84-4844,44.0,HS-grad,Married-civ-spouse,Husband,Male,>50K
085-08-5085,45.0,HS-grad,Married-civ-spouse,,Male,>50K
301-30-1301,26.0,Bachelors,Never-married,Not-in-family,,<=50K
119-11-9119,33.0,HS-grad,Never-married,,Female,
032-03-2032,53.0,Doctorate,Married-civ-spouse,Husband,Male,>50K
175-17-5175,64.0,Bachelors,Married-civ-spouse,Husband,,
063-06-3063,42.0,,Married-civ-spouse,Wife,Female,<=50K
023-02-3023,,Some-college,,Not-in-family,,
865-86-5865,41.0,Bachelors,Divorced,Not-in-family,Male,<=50K
089-08-9089,29.0,,Never-married,Not-in-family,,<=50K
206-20-6206,,Masters,Widowed,Unmarried,Female,<=50K
912-91-2912,50.0,9th,Widowed,Unmarried,Female,
034-03-4034,45.0,HS-grad,Married-civ-spouse,Husband,,>50K
843-84-3843,28.0,10th,Married-civ-spouse,Husband,Male,>50K
116-11-6116,21.0,,Never-married,Unmarried,Male,
490-49-0490,67.0,Bachelors,Married-civ-spouse,Husband,,<=50K
995-99-5995,46.0,,Married-civ-spouse,Husband,Male,<=50K
784-78-4784,54.0,Masters,Married-civ-spouse,Husband,Male,<=50K
391-39-1391,55.0,,Married-civ-spouse,Husband,Male,<=50K
880-88-0880,33.0,,Divorced,Not-in-family,,
750-75-0750,37.0,,,Husband,,<=50K
287-28-7287,44.0,HS-grad,Divorced,Unmarried,Female,
337-33-7337,26.0,HS-grad,Never-married,,Male,
144-14-4144,,,Married-civ-spouse,Husband,Male,>50K
883-88-3883,23.0,Some-college,Never-married,Other-relative,Male,
062-06-2062,40.0,Some-college,,Not-in-family,Female,
132-13-2132,48.0,,Never-married,Not-in-family,,
630-63-0630,,Bachelors,Divorced,Not-in-family,Female,<=50K
275-27-5275,39.0,,Married-civ-spouse,Husband,,
661-66-1661,47.0,Assoc-voc,Never-married,Not-in-family,Male,<=50K
293-29-3293,38.0,HS-grad,Never-married,Unmarried,Female,<=50K
908-90-8908,48.0,Doctorate,Never-married,Own-child,,<=50K
598-59-8598,55.0,Masters,Married-civ-spouse,Husband,,
759-75-9759,39.0,Bachelors,Married-civ-spouse,Husband,Male,
073-07-3073,42.0,,Married-civ-spouse,Husband,,<=50K
407-40-7407,23.0,10th,,,Female,<=50K
988-98-8988,35.0,,Married-civ-spouse,Husband,,
454-45-4454,37.0,Assoc-acdm,,Husband,,
862-86-2862,30.0,HS-grad,Never-married,Unmarried,Female,
798-79-8798,39.0,Masters,Married-civ-spouse,Husband,,<=50K
778-77-8778,18.0,Some-college,,Not-in-family,Female,<=50K
743-74-3743,,Bachelors,Married-civ-spouse,Husband,,
147-14-7147,21.0,HS-grad,Never-married,,Female,<=50K
691-69-1691,39.0,Assoc-voc,Married-civ-spouse,,Male,<=50K
079-07-9079,31.0,HS-grad,,Own-child,Male,
335-33-5335,40.0,Some-college,Never-married,Not-in-family,Female,<=50K
938-93-8938,,Bachelors,Never-married,,,
904-90-4904,36.0,Masters,Married-civ-spouse,Husband,,<=50K
825-82-5825,51.0,,Separated,Unmarried,Female,<=50K
326-32-6326,37.0,,Never-married,Own-child,Female,
758-75-8758,37.0,,Married-civ-spouse,,,
971-97-1971,32.0,,Married-civ-spouse,Husband,Male,
378-37-8378,64.0,Bachelors,,,,>50K
944-94-4944,39.0,Bachelors,,Husband,Male,>50K
818-81-8818,47.0,HS-grad,Married-civ-spouse,Husband,,<=50K
029-02-9029,26.0,Some-college,Never-married,Not-in-family,,<=50K
007-00-7007,34.0,,,,Male,
121-12-1121,38.0,Bachelors,Married-civ-spouse,Husband,,
108-10-8108,48.0,Some-college,,Husband,Male,>50K
932-93-2932,24.0,,Never-married,,Male,
730-73-0730,44.0,Masters,,Not-in-family,Female,
985-98-5985,30.0,Some-college,,Not-in-family,,<=50K
753-75-3753,66.0,,,Husband,Male,
272-27-2272,23.0,HS-grad,Married-civ-spouse,,Male,>50K
363-36-3363,18.0,,Never-married,,,<=50K
610-61-0610,45.0,Some-college,Married-civ-spouse,Husband,Male,
040-04-0040,47.0,,Divorced,Not-in-family,,
101-10-1101,33.0,,Married-civ-spouse,,Male,>50K
755-75-5755,64.0,HS-grad,Married-civ-spouse,Husband,Male,
752-75-2752,24.0,Some-college,,Not-in-family,,
253-25-3253,35.0,Bachelors,Divorced,Unmarried,,
090-09-0090,32.0,Some-college,,Not-in-family,Male,
839-83-9839,32.0,Bachelors,Married-civ-spouse,Husband,Male,>50K
648-64-8648,,Bachelors,Married-civ-spouse,,,>50K
603-60-3603,40.0,HS-grad,Divorced,Unmarried,Female,
793-79-3793,42.0,HS-grad,Married-civ-spouse,Husband,,
284-28-4284,49.0,Masters,Married-civ-spouse,Husband,Male,>50K
002-00-2002,56.0,,,,,
997-99-7997,56.0,Some-college,Divorced,Not-in-family,,<=50K
777-77-7777,35.0,HS-grad,,,Male,>50K
037-03-7037,35.0,,,Other-relative,Male,<=50K
323-32-3323,43.0,,Married-civ-spouse,Husband,,<=50K
575-57-5575,71.0,7th-8th,Married-civ-spouse,,Female,<=50K
629-62-9629,,Some-college,Married-civ-spouse,Wife,,>50K
639-63-9639,28.0,HS-grad,Never-married,Not-in-family,Female,<=50K
845-84-5845,,,Divorced,Own-child,,<=50K
641-64-1641,29.0,Some-college,Divorced,Unmarried,,
477-47-7477,32.0,,Married-civ-spouse,,Male,
720-72-0720,32.0,HS-grad,Divorced,,,>50K
148-14-8148,,HS-grad,Married-civ-spouse,Husband,,
672-67-2672,31.0,Masters,Married-civ-spouse,Wife,Female,<=50K
364-36-4364,51.0,HS-grad,Married-civ-spouse,Husband,Male,
542-54-2542,54.0,,Married-civ-spouse,Husband,Male,<=50K
080-08-0080,61.0,5th-6th,Divorced,Own-child,,<=50K
568-56-8568,,Bachelors,Married-civ-spouse,,Male,>50K
933-93-3933,19.0,HS-grad,Never-married,Own-child,Male,<=50K
464-46-4464,31.0,HS-grad,,,Male,
333-33-3333,30.0,Some-college,,Own-child,,<=50K
794-79-4794,42.0,,Married-civ-spouse,,Female,
623-62-3623,37.0,,Married-civ-spouse,,,
647-64-7647,23.0,HS-grad,Never-married,Not-in-family,,<=50K
005-00-5005,30.0,Bachelors,Never-married,Own-child,,
420-42-0420,42.0,,,Not-in-family,Female,<=50K
668-66-8668,,HS-grad,Divorced,,,>50K
123-12-3123,34.0,Some-college,,Husband,,>50K
012-01-2012,,HS-grad,Married-civ-spouse,Husband,,>50K
652-65-2652,32.0,,Married-civ-spouse,,,
095-09-5095,23.0,Some-college,Never-married,,Female,<=50K
355-35-5355,42.0,,Married-civ-spouse,Husband,,
965-96-5965,,,Never-married,Own-child,,
398-39-8398,21.0,,Never-married,Own-child,,
270-27-0270,41.0,Assoc-voc,Married-civ-spouse,Husband,Male,<=50K
475-47-5475,23.0,Bachelors,Never-married,Other-relative,,<=50K
452-45-2452,27.0,Assoc-voc,Married-civ-spouse,Husband,Male,<=50K
510-51-0510,22.0,10th,Never-married,Own-child,Female,<=50K
359-35-9359,27.0,,Married-civ-spouse,Wife,Female,<=50K
036-03-6036,33.0,Some-college,Married-civ-spouse,Husband,,<=50K
595-59-5595,19.0,Some-college,,Not-in-family,,<=50K
756-75-6756,27.0,HS-grad,,Other-relative,,
607-60-7607,31.0,HS-grad,Divorced,Not-in-family,,
950-95-0950,,,Married-civ-spouse,,Male,
521-52-1521,30.0,HS-grad,Married-civ-spouse,Wife,Female,<=50K
043-04-3043,35.0,12th,,Husband,,<=50K
016-01-6016,47.0,HS-grad,,Husband,,<=50K
769-76-9769,44.0,,,Own-child,Male,
999-99-9999,40.0,,,Husband,Male,<=50K
262-26-2262,,Some-college,Married-civ-spouse,,,>50K
248-24-8248,21.0,,,,Female,>50K
263-26-3263,35.0,HS-grad,Married-civ-spouse,Husband,Male,
242-24-2242,42.0,,Divorced,Not-in-family,Male,<=50K
634-63-4634,40.0,,,Not-in-family,Female,<=50K
970-97-0970,37.0,Bachelors,Married-civ-spouse,,,<=50K
438-43-8438,20.0,Some-college,Never-married,Own-child,Male,
953-95-3953,46.0,HS-grad,Divorced,Unmarried,Female,
907-90-7907,41.0,Bachelors,Never-married,,Female,
860-86-0860,39.0,HS-grad,,Husband,,<=50K
708-70-8708,33.0,HS-grad,Married-civ-spouse,Husband,,>50K
136-13-6136,57.0,,Married-civ-spouse,Husband,Male,
502-50-2502,43.0,,Married-civ-spouse,Husband,Male,<=50K
703-70-3703,17.0,HS-grad,Separated,Own-child,Male,<=50K
582-58-2582,51.0,,Married-civ-spouse,Husband,Male,<=50K
868-86-8868,63.0,,Married-civ-spouse,Husband,,
128-12-8128,35.0,,Married-civ-spouse,Husband,,
189-18-9189,52.0,9th,Married-civ-spouse,,Male,>50K
564-56-4564,60.0,HS-grad,,Husband,,<=50K
836-83-6836,36.0,Doctorate,Married-civ-spouse,Husband,Male,>50K
574-57-4574,32.0,Some-college,Never-married,,Male,
408-40-8408,29.0,,,,,
692-69-2692,23.0,HS-grad,Never-married,Not-in-family,Male,
230-23-0230,,Some-college,,Husband,,
199-19-9199,44.0,,,Husband,Male,>50K
819-81-9819,50.0,1st-4th,Separated,Unmarried,,
722-72-2722,30.0,,Never-married,Not-in-family,Male,>50K
030-03-0030,36.0,HS-grad,,,,>50K
729-72-9729,50.0,,,Husband,Male,<=50K
244-24-4244,56.0,1st-4th,Married-civ-spouse,Husband,,
949-94-9949,67.0,,Divorced,Not-in-family,Female,<=50K
210-21-0210,39.0,Some-college,Married-civ-spouse,Husband,,>50K
671-67-1671,26.0,Bachelors,Married-civ-spouse,Husband,Male,<=50K
771-77-1771,40.0,Some-college,Married-civ-spouse,Husband,Male,
201-20-1201,37.0,Bachelors,Married-civ-spouse,,Male,>50K
303-30-3303,42.0,,Never-married,Not-in-family,,<=50K
047-04-7047,30.0,HS-grad,Married-civ-spouse,,,
229-22-9229,42.0,HS-grad,,Unmarried,Female,>50K
096-09-6096,59.0,,,,Male,<=50K
569-56-9569,33.0,Some-college,Never-married,Not-in-family,,<=50K
373-37-3373,,HS-grad,Married-civ-spouse,Husband,Male,
998-99-8998,34.0,Some-college,Never-married,Other-relative,Male,
403-40-3403,22.0,,,Own-child,,<=50K
716-71-6716,39.0,HS-grad,Married-civ-spouse,Husband,Male,
160-16-0160,27.0,Bachelors,Never-married,Own-child,,
180-18-0180,41.0,,Married-civ-spouse,,Male,>50K
105-10-5105,38.0,,Married-civ-spouse,Husband,Male,
519-51-9519,,,Married-civ-spouse,Husband,Male,>50K
761-76-1761,43.0,Assoc-acdm,Married-civ-spouse,,Male,<=50K
022-02-2022,42.0,,Never-married,Own-child,Male,<=50K
115-11-5115,53.0,Some-college,Married-civ-spouse,Husband,Male,<=50K
906-90-6906,31.0,HS-grad,Married-civ-spouse,,Male,>50K
465-46-5465,42.0,,Never-married,Unmarried,Male,<=50K
967-96-7967,,,Separated,Other-relative,Female,
664-66-4664,41.0,Assoc-voc,Married-civ-spouse,Husband,Male,<=50K
181-18-1181,38.0,,,,Female,<=50K
780-78-0780,44.0,Bachelors,,Unmarried,Female,<=50K
760-76-0760,42.0,,Divorced,,,
576-57-6576,29.0,,Married-civ-spouse,Husband,Male,>50K
227-22-7227,64.0,HS-grad,Married-civ-spouse,,Female,<=50K
167-16-7167,30.0,Bachelors,Divorced,Not-in-family,,
074-07-4074,60.0,HS-grad,Married-civ-spouse,Husband,Male,>50K
926-92-6926,44.0,Some-college,Separated,Not-in-family,,<=50K
178-17-8178,,11th,Never-married,,Male,<=50K
642-64-2642,20.0,,Never-married,,Male,
202-20-2202,17.0,Some-college,Never-married,Own-child,,
024-02-4024,43.0,Some-college,Married-civ-spouse,,,<=50K
530-53-0530,57.0,,Married-civ-spouse,Husband,,>50K
905-90-5905,,11th,Never-married,,,<=50K
221-22-1221,59.0,Masters,,Husband,Male,<=50K
209-20-9209,24.0,,Never-married,,Male,<=50K
223-22-3223,,HS-grad,Married-civ-spouse,Husband,,
439-43-9439,35.0,Some-college,Divorced,Not-in-family,Male,
186-18-6186,71.0,Bachelors,Never-married,Not-in-family,Male,<=50K
491-49-1491,34.0,Assoc-voc,Divorced,,Female,<=50K
984-98-4984,32.0,,Married-civ-spouse,,Male,
601-60-1601,25.0,Bachelors,Never-married,,,
617-61-7617,24.0,Bachelors,,Own-child,Male,
182-18-2182,,Assoc-voc,Divorced,Unmarried,Female,
924-92-4924,31.0,Some-college,Married-civ-spouse,Wife,Female,<=50K
942-94-2942,53.0,HS-grad,Divorced,Unmarried,Female,
742-74-2742,45.0,Some-college,Married-civ-spouse,Wife,Female,
267-26-7267,51.0,Assoc-voc,Never-married,Not-in-family,,
800-80-0800,33.0,Some-college,Married-civ-spouse,Husband,Male,>50K
522-52-2522,28.0,,Married-civ-spouse,Husband,,>50K
372-37-2372,55.0,Bachelors,Married-civ-spouse,Husband,,<=50K
804-80-4804,19.0,Some-college,Never-married,Not-in-family,Male,
934-93-4934,35.0,,Never-married,Not-in-family,Male,
821-82-1821,20.0,11th,Never-married,Own-child,,<=50K
921-92-1921,40.0,,,Unmarried,,<=50K
739-73-9739,39.0,Some-college,Divorced,Unmarried,,>50K
916-91-6916,23.0,Some-college,Never-married,Own-child,Male,
177-17-7177,34.0,Masters,Never-married,Not-in-family,Male,<=50K
702-70-2702,17.0,11th,Never-married,Own-child,Female,<=50K
396-39-6396,,HS-grad,,,Female,
867-86-7867,51.0,,Divorced,Other-relative,Male,<=50K
874-87-4874,27.0,Some-college,Never-married,,Female,<=50K
788-78-8788,43.0,Assoc-voc,,Husband,Male,
544-54-4544,,Assoc-acdm,Never-married,Not-in-family,,<=50K
508-50-8508,50.0,HS-grad,Married-civ-spouse,,,>50K
001-00-1001,53.0,Some-college,,Unmarried,,
936-93-6936,49.0,Bachelors,Divorced,Not-in-family,Male,
828-82-8828,43.0,Some-college,Married-civ-spouse,Wife,Female,<=50K
414-41-4414,17.0,12th,Never-married,Own-child,,
711-71-1711,22.0,,Never-married,Own-child,,
055-05-5055,46.0,,Divorced,Not-in-family,Male,
504-50-4504,58.0,7th-8th,Married-civ-spouse,,Male,
919-91-9919,35.0,,Married-civ-spouse,,Male,<=50K
643-64-3643,21.0,Some-college,Never-married,Own-child,Female,<=50K
494-49-4494,42.0,,,,Male,<=50K
911-91-1911,17.0,11th,Never-married,,Male,<=50K
918-91-8918,53.0,Assoc-voc,Married-civ-spouse,,Male,
590-59-0590,32.0,Some-college,,Wife,Female,<=50K
675-67-5675,21.0,,,Other-relative,Male,>50K
540-54-0540,23.0,Some-college,Never-married,,,
640-64-0640,39.0,HS-grad,,Not-in-family,,<=50K
237-23-7237,32.0,Assoc-voc,Never-married,,,<=50K
179-17-9179,,Assoc-acdm,,Own-child,,<=50K
400-40-0400,17.0,HS-grad,,Unmarried,Female,<=50K
038-03-8038,18.0,,,,Male,
987-98-7987,32.0,HS-grad,,Own-child,Female,
086-08-6086,45.0,,Divorced,Unmarried,,<=50K
632-63-2632,42.0,Bachelors,Married-civ-spouse,,Male,
749-74-9749,32.0,Assoc-acdm,Married-civ-spouse,Husband,,
065-06-5065,32.0,Bachelors,,,Male,<=50K
093-09-3093,33.0,,Married-civ-spouse,Husband,,>50K
766-76-6766,39.0,HS-grad,Married-civ-spouse,Husband,Male,<=50K
611-61-1611,39.0,HS-grad,,Unmarried,Male,<=50K
421-42-1421,64.0,,Married-civ-spouse,Husband,Male,>50K
803-80-3803,37.0,Assoc-acdm,,Husband,Male,<=50K
847-84-7847,,,Married-civ-spouse,,,>50K
974-97-4974,19.0,10th,Never-married,Not-in-family,Male,
084-08-4084,58.0,Masters,Married-civ-spouse,,,
732-73-2732,64.0,,Divorced,Not-in-family,Male,<=50K
217-21-7217,20.0,HS-grad,Never-married,,Female,<=50K
621-62-1621,41.0,10th,Married-civ-spouse,,,<=50K
512-51-2512,,Bachelors,Divorced,Not-in-family,,<=50K
450-45-0450,43.0,,Divorced,,,
741-74-1741,43.0,,Divorced,,,
025-02-5025,54.0,,,Not-in-family,,<=50K
787-78-7787,37.0,,Separated,Not-in-family,Male,
625-62-5625,47.0,11th,,Husband,Male,>50K
850-85-0850,35.0,Assoc-voc,Never-married,Not-in-family,Male,<=50K
505-50-5505,24.0,HS-grad,Never-married,Not-in-family,Female,
423-42-3423,45.0,,Married-civ-spouse,Husband,,
776-77-6776,47.0,,,Husband,,>50K
422-42-2422,25.0,5th-6th,Married-civ-spouse,Husband,Male,<=50K
399-39-9399,56.0,,Married-spouse-absent,Not-in-family,Female,<=50K
145-14-5145,22.0,Masters,Married-civ-spouse,,Male,
848-84-8848,33.0,Prof-school,,Not-in-family,,<=50K
923-92-3923,43.0,,Married-civ-spouse,Husband,Male,
184-18-4184,50.0,,Married-civ-spouse,Husband,,
613-61-3613,17.0,,Never-married,Not-in-family,Male,
872-87-2872,32.0,,Divorced,Not-in-family,,
993-99-3993,32.0,HS-grad,Never-married,Not-in-family,,<=50K
509-50-9509,22.0,,Never-married,Own-child,,<=50K
305-30-5305,52.0,HS-grad,Married-civ-spouse,,Male,<=50K
112-11-2112,45.0,,Married-civ-spouse,Husband,,
159-15-9159,21.0,Some-college,Never-married,Own-child,,
188-18-8188,48.0,HS-grad,Married-civ-spouse,Husband,Male,>50K
449-44-9449,34.0,12th,Married-civ-spouse,Husband,,<=50K
436-43-6436,28.0,,Married-civ-spouse,Wife,Female,
334-33-4334,41.0,Masters,,Not-in-family,,<=50K
523-52-3523,62.0,Some-college,Married-civ-spouse,Husband,,<=50K
683-68-3683,39.0,,Divorced,Not-in-family,Male,
592-59-2592,46.0,9th,Married-civ-spouse,Husband,,<=50K
050-05-0050,,Some-college,Never-married,Own-child,Male,
437-43-7437,18.0,,Never-married,,Male,<=50K
406-40-6406,55.0,,Married-civ-spouse,Husband,Male,
051-05-1051,27.0,Bachelors,,Own-child,Male,
552-55-2552,,HS-grad,Married-civ-spouse,Husband,,<=50K
433-43-3433,44.0,,Never-married,Not-in-family,,<=50K
622-62-2622,29.0,Bachelors,Never-married,Unmarried,,
117-11-7117,36.0,HS-grad,,Unmarried,Female,<=50K
781-78-1781,70.0,,,Husband,,
878-87-8878,28.0,,,Husband,,>50K
066-06-6066,49.0,HS-grad,Widowed,Unmarried,Female,
164-16-4164,18.0,,Never-married,,Male,
139-13-9139,41.0,Masters,Married-civ-spouse,Husband,Male,>50K
027-02-7027,41.0,Doctorate,Married-civ-spouse,Wife,Female,<=50K
937-93-7937,,Bachelors,Divorced,,Male,<=50K
011-01-1011,35.0,HS-grad,Married-civ-spouse,,Male,
980-98-0980,41.0,Assoc-acdm,Married-civ-spouse,Wife,Female,<=50K
100-10-0100,,Some-college,Never-married,Own-child,,
493-49-3493,84.0,HS-grad,Widowed,Not-in-family,Female,<=50K
389-38-9389,78.0,HS-grad,,Husband,,
458-45-8458,30.0,7th-8th,Married-civ-spouse,,Male,<=50K
891-89-1891,69.0,9th,Married-civ-spouse,Husband,,<=50K
707-70-7707,19.0,,Never-married,Own-child,Male,<=50K
392-39-2392,42.0,Some-college,Separated,,Female,<=50K
679-67-9679,21.0,5th-6th,,Own-child,Female,<=50K
255-25-5255,44.0,7th-8th,,Husband,Male,<=50K
812-81-2812,23.0,Assoc-voc,,Husband,Male,
445-44-5445,22.0,,Married-civ-spouse,Husband,Male,
913-91-3913,25.0,HS-grad,Married-civ-spouse,Husband,Male,>50K
419-41-9419,24.0,Bachelors,Married-civ-spouse,Other-relative,Male,
586-58-6586,49.0,,Never-married,Own-child,Female,<=50K
143-14-3143,19.0,Some-college,Never-married,Own-child,,
977-97-7977,46.0,Bachelors,,,Female,
855-85-5855,44.0,Some-college,Divorced,Not-in-family,Male,
915-91-5915,23.0,,Never-married,Own-child,,<=50K
822-82-2822,19.0,Some-college,Never-married,Own-child,,<=50K
653-65-3653,48.0,Bachelors,Married-civ-spouse,Husband,Male,>50K
898-89-8898,36.0,HS-grad,Married-civ-spouse,Husband,,<=50K
258-25-8258,41.0,,,Own-child,Female,<=50K
171-17-1171,19.0,HS-grad,Divorced,Not-in-family,Male,
961-96-1961,63.0,Bachelors,Married-spouse-absent,,,
365-36-5365,34.0,HS-grad,Married-civ-spouse,Husband,,>50K
515-51-5515,,,Married-civ-spouse,,Male,
261-26-1261,40.0,Assoc-acdm,,Husband,Male,
404-40-4404,38.0,11th,Married-civ-spouse,Husband,,
764-76-4764,29.0,,,,Female,
507-50-7507,39.0,,Married-civ-spouse,Husband,,>50K
380-38-0380,54.0,Some-college,Married-civ-spouse,Husband,Male,
384-38-4384,49.0,Masters,Married-civ-spouse,Husband,Male,
193-19-3193,39.0,,Married-civ-spouse,Wife,Female,
745-74-5745,22.0,Some-college,Never-married,Own-child,Female,
834-83-4834,30.0,,Married-civ-spouse,Own-child,Female,>50K
684-68-4684,30.0,HS-grad,Never-married,Own-child,Male,>50K
796-79-6796,44.0,Doctorate,Never-married,Not-in-family,,>50K
386-38-6386,54.0,HS-grad,Married-civ-spouse,Wife,Female,<=50K
412-41-2412,40.0,Bachelors,Married-civ-spouse,Wife,Female,
026-02-6026,18.0,12th,Never-married,Not-in-family,Female,<=50K
837-83-7837,38.0,HS-grad,Divorced,Unmarried,,<=50K
901-90-1901,50.0,Bachelors,,,Male,
174-17-4174,45.0,,Never-married,,,<=50K
594-59-4594,28.0,Some-college,Never-married,,Female,
939-93-9939,31.0,,Never-married,Not-in-family,Female,
205-20-5205,58.0,11th,Married-civ-spouse,Husband,Male,
718-71-8718,62.0,HS-grad,Married-civ-spouse,Husband,Male,>50K
343-34-3343,63.0,Assoc-voc,Married-civ-spouse,Husband,,<=50K
163-16-3163,51.0,,Married-civ-spouse,Wife,Female,<=50K
982-98-2982,31.0,,Divorced,Not-in-family,Female,
890-89-0890,29.0,,Separated,,,<=50K
853-85-3853,,Some-college,Married-civ-spouse,,,
397-39-7397,29.0,Bachelors,Never-married,Other-relative,,
266-26-6266,18.0,Some-college,Never-married,,,
220-22-0220,37.0,HS-grad,Never-married,,Male,
368-36-8368,52.0,,,Not-in-family,Male,
353-35-3353,38.0,,Divorced,Not-in-family,Female,
897-89-7897,55.0,Preschool,,Husband,,
566-56-6566,33.0,Assoc-voc,Divorced,,,<=50K
637-63-7637,23.0,Some-college,Never-married,Own-child,,
277-27-7277,40.0,Some-college,Married-civ-spouse,Husband,,
120-12-0120,20.0,Some-college,Never-married,Not-in-family,Male,
307-30-7307,38.0,,Married-civ-spouse,,,
498-49-8498,40.0,HS-grad,Married-civ-spouse,Husband,,
109-10-9109,44.0,Assoc-acdm,Divorced,Unmarried,Female,<=50K
153-15-3153,27.0,,Never-married,Not-in-family,Male,
468-46-8468,43.0,HS-grad,,Husband,,<=50K
169-16-9169,,Some-college,Married-civ-spouse,Husband,Male,<=50K
395-39-5395,38.0,,Married-civ-spouse,,,<=50K
538-53-8538,37.0,Assoc-acdm,Divorced,Unmarried,Female,
448-44-8448,45.0,,Divorced,Not-in-family,,
257-25-7257,32.0,HS-grad,Married-civ-spouse,,Male,>50K
677-67-7677,30.0,HS-grad,Divorced,,Female,<=50K
009-00-9009,51.0,Bachelors,Married-civ-spouse,Husband,Male,>50K
350-35-0350,37.0,Some-college,Divorced,Not-in-family,Female,<=50K
078-07-8078,29.0,,Divorced,,Female,
783-78-3783,73.0,HS-grad,,Not-in-family,Female,
462-46-2462,30.0,,Married-civ-spouse,Husband,,>50K
081-08-1081,33.0,Bachelors,Never-married,Own-child,Female,<=50K
344-34-4344,60.0,HS-grad,Widowed,Not-in-family,Female,
268-26-8268,28.0,Some-college,Married-civ-spouse,Wife,Female,
644-64-4644,44.0,Bachelors,Married-civ-spouse,Husband,Male,
233-23-3233,42.0,Some-college,Married-civ-spouse,Husband,,>50K
838-83-8838,,Masters,Married-civ-spouse,Husband,Male,<=50K
928-92-8928,24.0,Some-college,Never-married,Own-child,Female,<=50K
087-08-7087,23.0,HS-grad,Married-civ-spouse,Husband,Male,
914-91-4914,,Some-college,Widowed,Other-relative,Female,
962-96-2962,61.0,Some-college,Separated,Not-in-family,,<=50K
895-89-5895,41.0,HS-grad,,,Female,
097-09-7097,75.0,1st-4th,Divorced,,,
140-14-0140,,Assoc-voc,,Husband,Male,<=50K
289-28-9289,39.0,Some-college,Married-civ-spouse,Wife,,>50K
596-59-6596,19.0,Some-college,,,Female,<=50K
791-79-1791,,Bachelors,Never-married,,Male,<=50K
252-25-2252,39.0,Bachelors,,Husband,Male,<=50K
183-18-3183,49.0,HS-grad,Widowed,Not-in-family,,
149-14-9149,49.0,Some-college,Married-civ-spouse,Husband,Male,<=50K
142-14-2142,,Assoc-voc,Never-married,,,
990-99-0990,45.0,,Married-civ-spouse,,Male,
806-80-6806,56.0,,Married-civ-spouse,Husband,Male,
831-83-1831,35.0,Bachelors,Married-civ-spouse,Husband,Male,>50K
280-28-0280,21.0,HS-grad,Never-married,Not-in-family,,
866-86-6866,23.0,9th,Never-married,Not-in-family,Male,
434-43-4434,,HS-grad,Married-civ-spouse,Husband,Male,<=50K
328-32-8328,32.0,,Never-married,Other-relative,Male,<=50K
567-56-7567,68.0,,Married-civ-spouse,Husband,Male,<=50K
310-31-0310,,Some-college,Married-civ-spouse,Husband,Male,
479-47-9479,52.0,Some-college,Divorced,Unmarried,,
774-77-4774,34.0,HS-grad,,Not-in-family,Male,<=50K
887-88-7887,65.0,,Divorced,Not-in-family,Female,
792-79-2792,23.0,Assoc-acdm,Married-civ-spouse,Husband,Male,>50K
456-45-6456,25.0,Masters,Never-married,Not-in-family,Male,
130-13-0130,36.0,,Divorced,Unmarried,Male,>50K
627-62-7627,22.0,,,Own-child,Female,<=50K
141-14-1141,,Some-college,Never-married,,Female,
609-60-9609,36.0,,,Husband,,<=50K
797-79-7797,29.0,HS-grad,Never-married,Unmarried,,<=50K
957-95-7957,48.0,HS-grad,Married-civ-spouse,Husband,Male,
218-21-8218,,,Never-married,Own-child,Female,<=50K
651-65-1651,20.0,HS-grad,,Own-child,Male,>50K
531-53-1531,19.0,11th,Never-married,,Female,<=50K
276-27-6276,37.0,Doctorate,Married-civ-spouse,Husband,,
304-30-4304,52.0,Assoc-voc,,,Male,
347-34-7347,66.0,11th,Married-civ-spouse,Husband,,<=50K
215-21-5215,43.0,Bachelors,Divorced,,,>50K
052-05-2052,53.0,,Married-civ-spouse,Husband,,
281-28-1281,70.0,Some-college,Married-civ-spouse,,Male,
300-30-0300,60.0,HS-grad,,Husband,Male,
075-07-5075,51.0,7th-8th,Married-civ-spouse,,,<=50K
152-15-2152,45.0,,Married-civ-spouse,Husband,Male,<=50K
602-60-2602,29.0,5th-6th,Married-civ-spouse,Husband,Male,
068-06-8068,25.0,,,Wife,,
678-67-8678,21.0,HS-grad,,Own-child,Female,
960-96-0960,46.0,HS-grad,,Husband,,
556-55-6556,67.0,Bachelors,Married-civ-spouse,,,>50K
057-05-7057,50.0,Prof-school,,Husband,Male,<=50K
028-02-8028,59.0,Some-college,,Husband,Male,>50K
231-23-1231,25.0,Assoc-voc,Never-married,Not-in-family,Male,<=50K
176-17-6176,32.0,HS-grad,Married-civ-spouse,,,
308-30-8308,54.0,,Married-civ-spouse,Wife,Female,
192-19-2192,43.0,HS-grad,Married-civ-spouse,Husband,Male,>50K
240-24-0240,45.0,Bachelors,,Own-child,,<=50K
873-87-3873,50.0,7th-8th,Married-civ-spouse,Husband,Male,<=50K
529-52-9529,,,Married-civ-spouse,Husband,Male,
581-58-1581,30.0,,Never-married,,Female,
348-34-8348,74.0,Assoc-voc,Widowed,Not-in-family,Female,<=50K
298-29-8298,41.0,Prof-school,,,Female,
432-43-2432,48.0,HS-grad,Married-civ-spouse,Husband,Male,>50K
254-25-4254,55.0,HS-grad,Married-civ-spouse,,Female,<=50K
099-09-9099,24.0,Assoc-acdm,,Own-child,Male,
695-69-5695,44.0,,,Unmarried,,
835-83-5835,,,Divorced,Unmarried,,
317-31-7317,,5th-6th,Married-civ-spouse,,Male,<=50K
405-40-5405,,,Married-civ-spouse,Husband,,>50K
137-13-7137,41.0,10th,Divorced,Not-in-family,Male,<=50K
330-33-0330,,,Married-civ-spouse,Husband,,
251-25-1251,38.0,HS-grad,Married-civ-spouse,,Male,>50K
351-35-1351,,Bachelors,Never-married,Not-in-family,,
224-22-4224,52.0,,Married-civ-spouse,Husband,,<=50K
810-81-0810,28.0,Bachelors,Never-married,Not-in-family,,
945-94-5945,46.0,Bachelors,Married-civ-spouse,Husband,,
114-11-4114,42.0,,,Not-in-family,Female,<=50K
649-64-9649,20.0,Some-college,,Own-child,Female,
546-54-6546,45.0,,Married-civ-spouse,Husband,,<=50K
041-04-1041,74.0,,Married-civ-spouse,Husband,,<=50K
786-78-6786,27.0,HS-grad,Married-civ-spouse,Husband,,<=50K
003-00-3003,21.0,HS-grad,Never-married,Own-child,Female,
370-37-0370,,Some-college,Divorced,Not-in-family,,<=50K
401-40-1401,,Bachelors,Never-married,Not-in-family,,<=50K
318-31-8318,29.0,,Married-civ-spouse,Husband,,<=50K
662-66-2662,28.0,HS-grad,Married-civ-spouse,Husband,,<=50K
789-78-9789,50.0,Some-college,,Husband,Male,>50K
102-10-2102,32.0,,Never-married,Own-child,,
239-23-9239,23.0,Some-college,,,Male,
226-22-6226,54.0,Bachelors,Married-civ-spouse,Husband,Male,<=50K
931-93-1931,38.0,HS-grad,,Wife,Female,<=50K
165-16-5165,,Some-college,Widowed,,,<=50K
541-54-1541,41.0,,Married-civ-spouse,Husband,,
388-38-8388,21.0,Some-college,Never-married,Own-child,,
309-30-9309,51.0,,Married-civ-spouse,Husband,,
489-48-9489,39.0,,,,Male,<=50K
360-36-0360,55.0,HS-grad,Married-civ-spouse,Other-relative,,
416-41-6416,47.0,,Married-civ-spouse,Husband,Male,
726-72-6726,39.0,HS-grad,Married-civ-spouse,Husband,Male,>50K
815-81-5815,46.0,,Married-civ-spouse,Husband,Male,>50K
501-50-1501,53.0,HS-grad,Separated,,,<=50K
559-55-9559,40.0,,Never-married,Unmarried,,
107-10-7107,22.0,7th-8th,Never-married,,,
059-05-9059,44.0,Bachelors,Divorced,Unmarried,,<=50K
411-41-1411,50.0,Doctorate,Married-civ-spouse,Husband,,
442-44-2442,32.0,,Divorced,,Female,<=50K
829-82-9829,,Some-college,Married-civ-spouse,Husband,,<=50K
103-10-3103,40.0,Bachelors,,Husband,,
194-19-4194,47.0,,Married-civ-spouse,Husband,Male,
785-78-5785,30.0,Some-college,,Husband,,
049-04-9049,47.0,,,Husband,Male,<=50K
393-39-3393,29.0,,Married-civ-spouse,Wife,Female,
472-47-2472,30.0,,Never-married,,Male,
430-43-0430,53.0,Doctorate,Married-civ-spouse,,Male,
339-33-9339,22.0,Some-college,Never-married,,Male,
060-06-0060,24.0,HS-grad,Never-married,Not-in-family,Female,
941-94-1941,29.0,,,,Female,<=50K
570-57-0570,44.0,Bachelors,Never-married,Not-in-family,Female,
920-92-0920,67.0,Some-college,,,Male,
020-02-0020,,,Divorced,Not-in-family,Female,<=50K
302-30-2302,46.0,,Married-civ-spouse,Husband,Male,
158-15-8158,20.0,11th,Never-married,Own-child,Female,>50K
053-05-3053,39.0,9th,Married-civ-spouse,,,<=50K
260-26-0260,30.0,HS-grad,Married-civ-spouse,Husband,,<=50K
734-73-4734,,HS-grad,Married-civ-spouse,Husband,Male,
212-21-2212,71.0,,,Husband,,<=50K
216-21-6216,54.0,,Married-spouse-absent,,,<=50K
763-76-3763,27.0,,,Own-child,,
446-44-6446,24.0,,Never-married,Own-child,Female,<=50K
976-97-6976,44.0,Bachelors,Married-civ-spouse,Husband,Male,<=50K
736-73-6736,58.0,HS-grad,Married-civ-spouse,Husband,Male,<=50K
728-72-8728,21.0,Bachelors,Never-married,Not-in-family,Male,
694-69-4694,47.0,HS-grad,,Not-in-family,,<=50K
978-97-8978,38.0,9th,Separated,Not-in-family,Female,<=50K
106-10-6106,29.0,11th,Divorced,Unmarried,Female,<=50K
010-01-0010,31.0,Bachelors,Never-married,Not-in-family,,<=50K
245-24-5245,41.0,,,Husband,,
667-66-7667,17.0,Some-college,Never-married,,Female,
207-20-7207,26.0,HS-grad,Married-civ-spouse,Husband,Male,<=50K
772-77-2772,20.0,11th,Never-married,Not-in-family,,
474-47-4474,42.0,,Married-civ-spouse,Husband,Male,>50K
688-68-8688,35.0,HS-grad,Married-civ-spouse,Husband,Male,<=50K
294-29-4294,76.0,7th-8th,,Husband,Male,
299-29-9299,30.0,Bachelors,,,Female,<=50K
361-36-1361,36.0,Bachelors,Married-civ-spouse,,Male,
735-73-5735,,HS-grad,Married-civ-spouse,,Male,>50K
234-23-4234,20.0,11th,Never-married,Other-relative,,
805-80-5805,46.0,,,Husband,,>50K
312-31-2312,40.0,,Married-civ-spouse,Wife,,<=50K
902-90-2902,37.0,,Married-civ-spouse,Husband,,<=50K
840-84-0840,,Some-college,,,Male,>50K
747-74-7747,48.0,,Never-married,Not-in-family,Male,
802-80-2802,47.0,Some-college,,Husband,,
156-15-6156,59.0,Bachelors,Married-civ-spouse,Husband,Male,>50K
856-85-6856,25.0,,Never-married,,Female,
893-89-3893,51.0,HS-grad,Married-civ-spouse,Husband,Male,
981-98-1981,44.0,Some-college,Married-civ-spouse,Wife,Female,
991-99-1991,41.0,,Married-civ-spouse,Husband,Male,
146-14-6146,23.0,Some-college,Married-civ-spouse,Husband,,<=50K
320-32-0320,36.0,,Married-civ-spouse,,Male,
714-71-4714,21.0,7th-8th,,Not-in-family,,<=50K
676-67-6676,,Assoc-acdm,Never-married,Not-in-family,Male,<=50K
324-32-4324,17.0,11th,Never-married,Not-in-family,Male,
619-61-9619,31.0,Some-college,Married-civ-spouse,Wife,Female,>50K
929-92-9929,,Some-college,Never-married,Not-in-family,,<=50K
496-49-6496,83.0,,Widowed,Unmarried,Female,
561-56-1561,60.0,Doctorate,,Husband,Male,
297-29-7297,,,Married-civ-spouse,Husband,Male,>50K
362-36-2362,65.0,,Widowed,Unmarried,Male,<=50K
946-94-6946,40.0,HS-grad,Separated,,Female,
394-39-4394,31.0,,Married-civ-spouse,,Male,<=50K
875-87-5875,45.0,,,Husband,,<=50K
770-77-0770,42.0,Assoc-voc,Married-civ-spouse,,Male,>50K
782-78-2782,26.0,10th,Never-married,,Male,<=50K
851-85-1851,,HS-grad,Married-civ-spouse,Husband,Male,>50K
560-56-0560,46.0,HS-grad,Never-married,Not-in-family,Male,<=50K
583-58-3583,,,Never-married,,Male,
327-32-7327,17.0,,Never-married,,,
645-64-5645,,HS-grad,,Own-child,Female,>50K
591-59-1591,23.0,Assoc-acdm,Never-married,,Male,
379-37-9379,39.0,,Married-civ-spouse,,Female,
319-31-9319,56.0,HS-grad,Married-civ-spouse,,Female,
190-19-0190,29.0,Masters,,Husband,Male,
338-33-8338,34.0,HS-grad,Married-civ-spouse,Husband,,<=50K
122-12-2122,27.0,,Married-civ-spouse,Husband,Male,>50K
659-65-9659,45.0,,Divorced,Not-in-family,Male,<=50K
700-70-0700,51.0,,,Unmarried,Female,<=50K
271-27-1271,27.0,10th,,Unmarried,,<=50K
744-74-4744,43.0,11th,Married-civ-spouse,Husband,Male,<=50K
719-71-9719,,10th,Married-civ-spouse,Husband,,<=50K
314-31-4314,,Bachelors,Married-civ-spouse,,,<=50K
459-45-9459,,HS-grad,Married-civ-spouse,Husband,Male,
526-52-6526,,HS-grad,,Husband,,<=50K
282-28-2282,48.0,,Divorced,,,>50K
168-16-8168,41.0,Masters,,,Male,
656-65-6656,22.0,Bachelors,Divorced,Unmarried,Female,<=50K
654-65-4654,30.0,,,Unmarried,,<=50K
517-51-7517,25.0,HS-grad,Never-married,Not-in-family,,<=50K
808-80-8808,61.0,10th,Married-civ-spouse,,Male,<=50K
951-95-1951,,HS-grad,Married-civ-spouse,,,
973-97-3973,46.0,1st-4th,Separated,Not-in-family,,>50K
518-51-8518,48.0,11th,Married-civ-spouse,Husband,Male,<=50K
481-48-1481,,Bachelors,Never-married,Not-in-family,Male,<=50K
811-81-1811,29.0,,Never-married,Unmarried,Male,
088-08-8088,26.0,,Never-married,Not-in-family,,<=50K
994-99-4994,32.0,HS-grad,,Husband,Male,>50K
329-32-9329,28.0,,Never-married,Not-in-family,Female,<=50K
428-42-8428,48.0,10th,,Unmarried,Female,
424-42-4424,24.0,,Never-married,Not-in-family,Male,<=50K
565-56-5565,,HS-grad,Divorced,Unmarried,Male,
357-35-7357,55.0,HS-grad,Widowed,,Female,
413-41-3413,43.0,7th-8th,Married-civ-spouse,,Male,>50K
767-76-7767,49.0,HS-grad,,Wife,,<=50K
042-04-2042,38.0,HS-grad,Divorced,Not-in-family,Male,<=50K
203-20-3203,53.0,,Married-civ-spouse,Wife,Female,<=50K
232-23-2232,45.0,10th,Divorced,,Female,
306-30-6306,34.0,,Married-spouse-absent,Not-in-family,Male,<=50K
187-18-7187,54.0,Masters,,Not-in-family,,
870-87-0870,38.0,,Married-civ-spouse,Husband,Male,
185-18-5185,38.0,10th,Married-civ-spouse,Husband,,<=50K
992-99-2992,,HS-grad,Married-civ-spouse,Husband,,
612-61-2612,34.0,10th,,Not-in-family,Female,<=50K
986-98-6986,44.0,,Married-civ-spouse,Husband,Male,<=50K
563-56-3563,56.0,Bachelors,Married-civ-spouse,,Male,<=50K
441-44-1441,41.0,Bachelors,Divorced,Not-in-family,,
709-70-9709,39.0,Masters,Never-married,Not-in-family,,
200-20-0200,28.0,HS-grad,Married-civ-spouse,Husband,Male,
371-37-1371,35.0,,Married-civ-spouse,Husband,,
341-34-1341,23.0,Assoc-acdm,Never-married,Own-child,Male,<=50K
021-02-1021,37.0,,Married-civ-spouse,Husband,,
228-22-8228,19.0,Some-college,Never-married,Not-in-family,Male,<=50K
886-88-6886,43.0,Masters,,Not-in-family,Female,
863-86-3863,36.0,HS-grad,Married-civ-spouse,,Male,>50K
663-66-3663,38.0,,,Own-child,Female,
435-43-5435,30.0,Bachelors,Married-civ-spouse,Husband,Male,<=50K
259-25-9259,44.0,,Married-civ-spouse,Husband,,
655-65-5655,,,Married-civ-spouse,Husband,Male,<=50K
285-28-5285,53.0,Some-college,Married-civ-spouse,Husband,Male,
857-85-7857,30.0,,Never-married,Not-in-family,,<=50K
885-88-5885,18.0,Assoc-voc,Never-married,Own-child,,
008-00-8008,35.0,,,,,<=50K
833-83-3833,51.0,,,Husband,Male,
731-73-1731,27.0,5th-6th,Married-civ-spouse,Wife,Female,
606-60-6606,38.0,,Never-married,Not-in-family,Male,
795-79-5795,27.0,HS-grad,Married-civ-spouse,,Male,>50K
236-23-6236,31.0,HS-grad,Married-civ-spouse,Husband,,
614-61-4614,22.0,,Married-civ-spouse,Husband,,<=50K
383-38-3383,35.0,1st-4th,Married-civ-spouse,Husband,,<=50K
241-24-1241,21.0,,Never-married,Own-child,Female,<=50K
604-60-4604,49.0,Some-college,Never-married,Not-in-family,Female,<=50K
035-03-5035,35.0,HS-grad,Divorced,,,<=50K
469-46-9469,58.0,HS-grad,,,,<=50K
979-97-9979,,,Separated,Unmarried,,<=50K
098-09-8098,41.0,Masters,Married-civ-spouse,,Male,<=50K
225-22-5225,45.0,,,Husband,Male,>50K
600-60-0600,19.0,11th,Never-married,Own-child,,
444-44-4444,51.0,Masters,,Unmarried,Female,<=50K
658-65-8658,41.0,Some-college,Married-civ-spouse,Husband,Male,<=50K
313-31-3313,44.0,,Never-married,,,<=50K
461-46-1461,51.0,,Married-civ-spouse,,,
775-77-5775,59.0,,Married-civ-spouse,Husband,Male,
876-87-6876,31.0,,Never-married,,Male,<=50K
376-37-6376,36.0,Bachelors,,Not-in-family,,<=50K
387-38-7387,46.0,11th,,,Male,
356-35-6356,23.0,,Never-married,Not-in-family,Male,
605-60-5605,54.0,,Never-married,Own-child,Female,
553-55-3553,43.0,,,Unmarried,,<=50K
852-85-2852,40.0,Some-college,Never-married,,Female,<=50K
524-52-4524,49.0,Bachelors,,Not-in-family,Male,>50K
455-45-5455,25.0,Some-college,,Own-child,,
214-21-4214,35.0,Some-college,Married-civ-spouse,,,
006-00-6006,64.0,7th-8th,Widowed,Not-in-family,Male,
618-61-8618,48.0,,Divorced,,,
044-04-4044,,Bachelors,Married-civ-spouse,Husband,,>50K
138-13-8138,42.0,Some-college,Married-civ-spouse,Husband,,<=50K
715-71-5715,40.0,,Never-married,Not-in-family,,
425-42-5425,40.0,HS-grad,Separated,Not-in-family,Female,
127-12-7127,40.0,Some-college,Divorced,,,<=50K
381-38-1381,,Masters,Never-married,Unmarried,Male,
332-33-2332,47.0,Bachelors,,Not-in-family,Female,
243-24-3243,51.0,,Married-civ-spouse,Husband,Male,>50K
000-00-0000,32.0,HS-grad,Never-married,,Male,<=50K
